{"cameraMode":{"drawMode":0,"name":"Shaded","section":"Shading Mode"},"sceneLighting":true,"audioPlay":false,"sceneViewState":{"showFog":true,"showMaterialUpdate":false,"showSkybox":true,"showFlares":true,"showImageEffects":true,"showParticleSystems":true},"in2DMode":false,"pivot":{"x":-3.7494876384735109,"y":1.0036277770996094,"z":2.785400390625},"rotation":{"x":0.13872875273227693,"y":0.6562044620513916,"z":-0.12450097501277924,"w":0.7311973571777344},"size":1.6651111841201783,"orthographic":true}