{"cameraMode":{"drawMode":0,"name":"Shaded","section":"Shading Mode"},"sceneLighting":true,"audioPlay":false,"sceneViewState":{"showFog":true,"showMaterialUpdate":false,"showSkybox":true,"showFlares":true,"showImageEffects":true,"showParticleSystems":true},"in2DMode":false,"pivot":{"x":-3.7841796875,"y":0.96484375,"z":3.658172607421875},"rotation":{"x":0.019739609211683275,"y":-0.8008463382720947,"z":-0.026438020169734956,"w":-0.597960352897644},"size":1.6651111841201783,"orthographic":true}