{"cameraMode":{"drawMode":0,"name":"Shaded","section":"Shading Mode"},"sceneLighting":true,"audioPlay":false,"sceneViewState":{"showFog":true,"showMaterialUpdate":false,"showSkybox":true,"showFlares":true,"showImageEffects":true,"showParticleSystems":true},"in2DMode":false,"pivot":{"x":2.764219284057617,"y":-2.350125551223755,"z":6.010394096374512},"rotation":{"x":-0.1834971308708191,"y":-0.05246863514184952,"z":0.00980836059898138,"w":-0.9815700054168701},"size":13.130232810974121,"orthographic":false}